-- phpMyAdmin SQL Dump
-- version 4.8.3
-- https://www.phpmyadmin.net/
--
-- Servidor: 127.0.0.1
-- Tiempo de generación: 23-05-2019 a las 20:55:09
-- Versión del servidor: 10.1.36-MariaDB
-- Versión de PHP: 7.3.3

SET SQL_MODE = "NO_AUTO_VALUE_ON_ZERO";
SET AUTOCOMMIT = 0;
START TRANSACTION;
SET time_zone = "+00:00";


/*!40101 SET @OLD_CHARACTER_SET_CLIENT=@@CHARACTER_SET_CLIENT */;
/*!40101 SET @OLD_CHARACTER_SET_RESULTS=@@CHARACTER_SET_RESULTS */;
/*!40101 SET @OLD_COLLATION_CONNECTION=@@COLLATION_CONNECTION */;
/*!40101 SET NAMES utf8mb4 */;

--
-- Base de datos: `posi`
--

-- --------------------------------------------------------

--
-- Estructura de tabla para la tabla `tec_categories`
--

CREATE TABLE `tec_categories` (
  `id` int(11) NOT NULL,
  `code` varchar(20) NOT NULL,
  `name` varchar(55) NOT NULL,
  `image` varchar(100) DEFAULT 'no_image.png'
) ENGINE=InnoDB DEFAULT CHARSET=utf8;

--
-- Volcado de datos para la tabla `tec_categories`
--

INSERT INTO `tec_categories` (`id`, `code`, `name`, `image`) VALUES
(1, 'G01', 'General', 'no_image.png');

-- --------------------------------------------------------

--
-- Estructura de tabla para la tabla `tec_combo_items`
--

CREATE TABLE `tec_combo_items` (
  `id` int(11) NOT NULL,
  `product_id` int(11) NOT NULL,
  `item_code` varchar(20) NOT NULL,
  `quantity` decimal(12,4) NOT NULL,
  `price` decimal(25,4) DEFAULT NULL,
  `cost` decimal(25,4) DEFAULT NULL
) ENGINE=InnoDB DEFAULT CHARSET=utf8;

-- --------------------------------------------------------

--
-- Estructura de tabla para la tabla `tec_customers`
--

CREATE TABLE `tec_customers` (
  `id` int(11) NOT NULL,
  `name` varchar(55) NOT NULL,
  `cf1` varchar(255) NOT NULL,
  `cf2` varchar(255) NOT NULL,
  `phone` varchar(20) NOT NULL,
  `email` varchar(100) NOT NULL,
  `store_id` int(11) DEFAULT NULL
) ENGINE=InnoDB DEFAULT CHARSET=utf8;

--
-- Volcado de datos para la tabla `tec_customers`
--

INSERT INTO `tec_customers` (`id`, `name`, `cf1`, `cf2`, `phone`, `email`, `store_id`) VALUES
(1, 'Cliente por defecto', '', '', '012345678', 'customer@tecdiary.com', NULL),
(2, 'prueba', 'Cliente excelente', 'preferencial', '12345678', 'correoejemplo@correo.com', NULL);

-- --------------------------------------------------------

--
-- Estructura de tabla para la tabla `tec_expenses`
--

CREATE TABLE `tec_expenses` (
  `id` int(11) NOT NULL,
  `date` timestamp NOT NULL DEFAULT CURRENT_TIMESTAMP,
  `reference` varchar(50) NOT NULL,
  `amount` decimal(25,4) NOT NULL,
  `note` varchar(1000) DEFAULT NULL,
  `created_by` varchar(55) NOT NULL,
  `attachment` varchar(55) DEFAULT NULL,
  `store_id` int(11) NOT NULL DEFAULT '1'
) ENGINE=InnoDB DEFAULT CHARSET=utf8;

-- --------------------------------------------------------

--
-- Estructura de tabla para la tabla `tec_gift_cards`
--

CREATE TABLE `tec_gift_cards` (
  `id` int(11) NOT NULL,
  `date` timestamp NOT NULL DEFAULT CURRENT_TIMESTAMP,
  `card_no` varchar(20) NOT NULL,
  `value` decimal(25,4) NOT NULL,
  `customer_id` int(11) DEFAULT NULL,
  `balance` decimal(25,4) NOT NULL,
  `expiry` date DEFAULT NULL,
  `created_by` int(11) DEFAULT NULL,
  `store_id` int(11) DEFAULT NULL
) ENGINE=InnoDB DEFAULT CHARSET=utf8;

--
-- Volcado de datos para la tabla `tec_gift_cards`
--

INSERT INTO `tec_gift_cards` (`id`, `date`, `card_no`, `value`, `customer_id`, `balance`, `expiry`, `created_by`, `store_id`) VALUES
(1, '2019-04-03 16:59:18', '6407 1207 3398 3833', '50.0000', NULL, '50.0000', '2019-05-03', 1, NULL);

-- --------------------------------------------------------

--
-- Estructura de tabla para la tabla `tec_groups`
--

CREATE TABLE `tec_groups` (
  `id` mediumint(8) UNSIGNED NOT NULL,
  `name` varchar(20) NOT NULL,
  `description` varchar(100) NOT NULL
) ENGINE=InnoDB DEFAULT CHARSET=utf8;

--
-- Volcado de datos para la tabla `tec_groups`
--

INSERT INTO `tec_groups` (`id`, `name`, `description`) VALUES
(1, 'admin', 'Administrator'),
(2, 'staff', 'Staff');

-- --------------------------------------------------------

--
-- Estructura de tabla para la tabla `tec_login_attempts`
--

CREATE TABLE `tec_login_attempts` (
  `id` mediumint(8) UNSIGNED NOT NULL,
  `ip_address` varbinary(16) NOT NULL,
  `login` varchar(100) NOT NULL,
  `time` int(11) UNSIGNED DEFAULT NULL
) ENGINE=InnoDB DEFAULT CHARSET=utf8;

-- --------------------------------------------------------

--
-- Estructura de tabla para la tabla `tec_payments`
--

CREATE TABLE `tec_payments` (
  `id` int(11) NOT NULL,
  `date` timestamp NULL DEFAULT CURRENT_TIMESTAMP,
  `sale_id` int(11) DEFAULT NULL,
  `customer_id` int(11) DEFAULT NULL,
  `transaction_id` varchar(50) DEFAULT NULL,
  `paid_by` varchar(20) NOT NULL,
  `cheque_no` varchar(20) DEFAULT NULL,
  `cc_no` varchar(20) DEFAULT NULL,
  `cc_holder` varchar(25) DEFAULT NULL,
  `cc_month` varchar(2) DEFAULT NULL,
  `cc_year` varchar(4) DEFAULT NULL,
  `cc_type` varchar(20) DEFAULT NULL,
  `amount` decimal(25,4) NOT NULL,
  `currency` varchar(3) DEFAULT NULL,
  `created_by` int(11) NOT NULL,
  `attachment` varchar(55) DEFAULT NULL,
  `note` varchar(1000) DEFAULT NULL,
  `pos_paid` decimal(25,4) DEFAULT '0.0000',
  `pos_balance` decimal(25,4) DEFAULT '0.0000',
  `gc_no` varchar(20) DEFAULT NULL,
  `reference` varchar(50) DEFAULT NULL,
  `updated_by` int(11) DEFAULT NULL,
  `updated_at` timestamp NULL DEFAULT NULL,
  `store_id` int(11) NOT NULL DEFAULT '1'
) ENGINE=InnoDB DEFAULT CHARSET=utf8;

--
-- Volcado de datos para la tabla `tec_payments`
--

INSERT INTO `tec_payments` (`id`, `date`, `sale_id`, `customer_id`, `transaction_id`, `paid_by`, `cheque_no`, `cc_no`, `cc_holder`, `cc_month`, `cc_year`, `cc_type`, `amount`, `currency`, `created_by`, `attachment`, `note`, `pos_paid`, `pos_balance`, `gc_no`, `reference`, `updated_by`, `updated_at`, `store_id`) VALUES
(1, '2019-04-03 16:46:18', 1, 2, NULL, 'cash', '', '', '', '', '', '', '2.1000', NULL, 1, NULL, 'pagada', '10.0000', '7.9000', '', NULL, NULL, NULL, 1),
(2, '2019-04-03 17:56:12', 2, 2, NULL, 'cash', '', '', '', '', '', '', '4.2000', NULL, 1, NULL, '', '4.2000', '0.0000', '', NULL, NULL, NULL, 1),
(3, '2019-04-03 17:59:41', 3, 1, NULL, 'cash', '', '', '', '', '', '', '62.1500', NULL, 1, NULL, '', '100.0000', '37.8500', '', NULL, NULL, NULL, 1);

-- --------------------------------------------------------

--
-- Estructura de tabla para la tabla `tec_printers`
--

CREATE TABLE `tec_printers` (
  `id` int(11) NOT NULL,
  `title` varchar(55) NOT NULL,
  `type` varchar(25) NOT NULL,
  `profile` varchar(25) NOT NULL,
  `char_per_line` tinyint(3) UNSIGNED DEFAULT NULL,
  `path` varchar(255) DEFAULT NULL,
  `ip_address` varbinary(45) DEFAULT NULL,
  `port` varchar(10) DEFAULT NULL
) ENGINE=InnoDB DEFAULT CHARSET=utf8;

--
-- Volcado de datos para la tabla `tec_printers`
--

INSERT INTO `tec_printers` (`id`, `title`, `type`, `profile`, `char_per_line`, `path`, `ip_address`, `port`) VALUES
(1, 'XPrinter', 'network', 'TEP-200M', 45, '', 0x3139322e3136382e312e323030, '9100');

-- --------------------------------------------------------

--
-- Estructura de tabla para la tabla `tec_products`
--

CREATE TABLE `tec_products` (
  `id` int(11) NOT NULL,
  `code` varchar(50) NOT NULL,
  `name` char(255) NOT NULL,
  `category_id` int(11) NOT NULL DEFAULT '1',
  `price` decimal(25,4) NOT NULL,
  `image` varchar(255) DEFAULT 'no_image.png',
  `tax` varchar(20) DEFAULT NULL,
  `cost` decimal(25,4) DEFAULT NULL,
  `tax_method` tinyint(1) DEFAULT '1',
  `quantity` decimal(15,4) DEFAULT '0.0000',
  `barcode_symbology` varchar(20) NOT NULL DEFAULT 'code39',
  `type` varchar(20) NOT NULL DEFAULT 'standard',
  `details` text,
  `alert_quantity` decimal(10,4) DEFAULT '0.0000'
) ENGINE=InnoDB DEFAULT CHARSET=utf8;

--
-- Volcado de datos para la tabla `tec_products`
--

INSERT INTO `tec_products` (`id`, `code`, `name`, `category_id`, `price`, `image`, `tax`, `cost`, `tax_method`, `quantity`, `barcode_symbology`, `type`, `details`, `alert_quantity`) VALUES
(1, '23', 'Coca Cola', 1, '2.0000', '2d4923dadd091732375ff19ab01367b7.jpg', '13', '1.5000', 0, '0.0000', 'code128', 'standard', 'de un litro', '1.0000'),
(2, '911', 'Pepsi', 1, '2.0000', '5bc6c213cf5f599e85172f2e9539b81c.jpg', '0', '1.0000', 1, '0.0000', 'code128', 'standard', 'pepsi', '1.0000');

-- --------------------------------------------------------

--
-- Estructura de tabla para la tabla `tec_product_store_qty`
--

CREATE TABLE `tec_product_store_qty` (
  `id` int(11) NOT NULL,
  `product_id` int(11) NOT NULL,
  `store_id` int(11) NOT NULL,
  `quantity` decimal(15,4) NOT NULL DEFAULT '0.0000',
  `price` decimal(25,4) DEFAULT NULL
) ENGINE=InnoDB DEFAULT CHARSET=utf8;

--
-- Volcado de datos para la tabla `tec_product_store_qty`
--

INSERT INTO `tec_product_store_qty` (`id`, `product_id`, `store_id`, `quantity`, `price`) VALUES
(1, 1, 1, '1.0000', '2.0000'),
(2, 2, 1, '-2.0000', '2.0000');

-- --------------------------------------------------------

--
-- Estructura de tabla para la tabla `tec_purchases`
--

CREATE TABLE `tec_purchases` (
  `id` int(11) NOT NULL,
  `reference` varchar(55) NOT NULL,
  `date` timestamp NOT NULL DEFAULT CURRENT_TIMESTAMP,
  `note` varchar(1000) NOT NULL,
  `total` decimal(25,4) NOT NULL,
  `attachment` varchar(255) DEFAULT NULL,
  `supplier_id` int(11) DEFAULT NULL,
  `received` tinyint(1) DEFAULT NULL,
  `created_by` int(11) NOT NULL,
  `store_id` int(11) NOT NULL DEFAULT '1'
) ENGINE=InnoDB DEFAULT CHARSET=utf8;

-- --------------------------------------------------------

--
-- Estructura de tabla para la tabla `tec_purchase_items`
--

CREATE TABLE `tec_purchase_items` (
  `id` int(11) NOT NULL,
  `purchase_id` int(11) NOT NULL,
  `product_id` int(11) NOT NULL,
  `quantity` decimal(15,4) NOT NULL,
  `cost` decimal(25,4) NOT NULL,
  `subtotal` decimal(25,4) NOT NULL
) ENGINE=InnoDB DEFAULT CHARSET=utf8;

-- --------------------------------------------------------

--
-- Estructura de tabla para la tabla `tec_registers`
--

CREATE TABLE `tec_registers` (
  `id` int(11) NOT NULL,
  `date` timestamp NOT NULL DEFAULT CURRENT_TIMESTAMP,
  `user_id` int(11) NOT NULL,
  `cash_in_hand` decimal(25,4) NOT NULL,
  `status` varchar(10) NOT NULL,
  `total_cash` decimal(25,4) DEFAULT NULL,
  `total_cheques` int(11) DEFAULT NULL,
  `total_cc_slips` int(11) DEFAULT NULL,
  `total_cash_submitted` decimal(25,4) DEFAULT NULL,
  `total_cheques_submitted` int(11) DEFAULT NULL,
  `total_cc_slips_submitted` int(11) DEFAULT NULL,
  `note` text,
  `closed_at` timestamp NULL DEFAULT NULL,
  `transfer_opened_bills` varchar(50) DEFAULT NULL,
  `closed_by` int(11) DEFAULT NULL,
  `store_id` int(11) NOT NULL DEFAULT '1'
) ENGINE=InnoDB DEFAULT CHARSET=utf8;

--
-- Volcado de datos para la tabla `tec_registers`
--

INSERT INTO `tec_registers` (`id`, `date`, `user_id`, `cash_in_hand`, `status`, `total_cash`, `total_cheques`, `total_cc_slips`, `total_cash_submitted`, `total_cheques_submitted`, `total_cc_slips_submitted`, `note`, `closed_at`, `transfer_opened_bills`, `closed_by`, `store_id`) VALUES
(1, '2019-03-19 18:19:22', 1, '200.0000', 'open', NULL, NULL, NULL, NULL, NULL, NULL, NULL, NULL, NULL, NULL, 1);

-- --------------------------------------------------------

--
-- Estructura de tabla para la tabla `tec_sales`
--

CREATE TABLE `tec_sales` (
  `id` int(11) NOT NULL,
  `date` datetime NOT NULL,
  `customer_id` int(11) NOT NULL,
  `customer_name` varchar(55) NOT NULL,
  `total` decimal(25,4) NOT NULL,
  `product_discount` decimal(25,4) DEFAULT NULL,
  `order_discount_id` varchar(20) DEFAULT NULL,
  `order_discount` decimal(25,4) DEFAULT NULL,
  `total_discount` decimal(25,4) DEFAULT NULL,
  `product_tax` decimal(25,4) DEFAULT NULL,
  `order_tax_id` varchar(20) DEFAULT NULL,
  `order_tax` decimal(25,4) DEFAULT NULL,
  `total_tax` decimal(25,4) DEFAULT NULL,
  `grand_total` decimal(25,4) NOT NULL,
  `total_items` int(11) DEFAULT NULL,
  `total_quantity` decimal(15,4) DEFAULT NULL,
  `paid` decimal(25,4) DEFAULT NULL,
  `created_by` int(11) DEFAULT NULL,
  `updated_by` int(11) DEFAULT NULL,
  `updated_at` datetime DEFAULT NULL,
  `note` varchar(1000) DEFAULT NULL,
  `status` varchar(20) DEFAULT NULL,
  `rounding` decimal(10,4) DEFAULT NULL,
  `store_id` int(11) NOT NULL DEFAULT '1',
  `hold_ref` varchar(255) DEFAULT NULL
) ENGINE=InnoDB DEFAULT CHARSET=utf8;

--
-- Volcado de datos para la tabla `tec_sales`
--

INSERT INTO `tec_sales` (`id`, `date`, `customer_id`, `customer_name`, `total`, `product_discount`, `order_discount_id`, `order_discount`, `total_discount`, `product_tax`, `order_tax_id`, `order_tax`, `total_tax`, `grand_total`, `total_items`, `total_quantity`, `paid`, `created_by`, `updated_by`, `updated_at`, `note`, `status`, `rounding`, `store_id`, `hold_ref`) VALUES
(1, '2019-04-03 10:46:18', 2, 'prueba', '1.7699', '0.0000', NULL, '0.0000', '0.0000', '0.2301', '5%', '0.1000', '0.3301', '2.1000', 1, '1.0000', '2.1000', 1, NULL, NULL, 'pago de a diez', 'paid', '0.0000', 1, '12345'),
(2, '2019-04-03 11:56:12', 2, 'prueba', '4.0000', '0.0000', NULL, '0.0000', '0.0000', '0.0000', '5%', '0.2000', '0.2000', '4.2000', 1, '2.0000', '4.2000', 1, NULL, NULL, '', 'paid', '0.0000', 1, 'desayuno'),
(3, '2019-04-03 11:59:41', 1, 'Walk-in Client', '55.0000', '0.0000', NULL, '0.0000', '0.0000', '0.0000', '13%', '7.1500', '7.1500', '62.1500', 1, '1.0000', '62.1500', 1, NULL, NULL, '', 'paid', '0.0000', 1, '');

-- --------------------------------------------------------

--
-- Estructura de tabla para la tabla `tec_sale_items`
--

CREATE TABLE `tec_sale_items` (
  `id` int(11) NOT NULL,
  `sale_id` int(11) NOT NULL,
  `product_id` int(11) NOT NULL,
  `quantity` decimal(15,4) NOT NULL,
  `unit_price` decimal(25,4) NOT NULL,
  `net_unit_price` decimal(25,4) NOT NULL,
  `discount` varchar(20) DEFAULT NULL,
  `item_discount` decimal(25,4) DEFAULT NULL,
  `tax` int(20) DEFAULT NULL,
  `item_tax` decimal(25,4) DEFAULT NULL,
  `subtotal` decimal(25,4) NOT NULL,
  `real_unit_price` decimal(25,4) DEFAULT NULL,
  `cost` decimal(25,4) DEFAULT '0.0000',
  `product_code` varchar(50) DEFAULT NULL,
  `product_name` varchar(50) DEFAULT NULL,
  `comment` varchar(255) DEFAULT NULL
) ENGINE=InnoDB DEFAULT CHARSET=utf8;

--
-- Volcado de datos para la tabla `tec_sale_items`
--

INSERT INTO `tec_sale_items` (`id`, `sale_id`, `product_id`, `quantity`, `unit_price`, `net_unit_price`, `discount`, `item_discount`, `tax`, `item_tax`, `subtotal`, `real_unit_price`, `cost`, `product_code`, `product_name`, `comment`) VALUES
(1, 1, 1, '1.0000', '2.0000', '1.7699', '0', '0.0000', 13, '0.2301', '2.0000', '2.0000', '1.5000', '23', 'Coca Cola', ''),
(2, 2, 2, '2.0000', '2.0000', '2.0000', '0', '0.0000', 0, '0.0000', '4.0000', '2.0000', '1.0000', '911', 'Pepsi', ''),
(3, 3, 0, '1.0000', '55.0000', '55.0000', '0', '0.0000', 0, '0.0000', '55.0000', '55.0000', '0.0000', '6407 1207 3398 3833', 'Gift Card', '');

-- --------------------------------------------------------

--
-- Estructura de tabla para la tabla `tec_sessions`
--

CREATE TABLE `tec_sessions` (
  `id` varchar(40) NOT NULL,
  `ip_address` varchar(45) NOT NULL,
  `timestamp` int(10) UNSIGNED NOT NULL DEFAULT '0',
  `data` blob NOT NULL
) ENGINE=InnoDB DEFAULT CHARSET=utf8;

--
-- Volcado de datos para la tabla `tec_sessions`
--

INSERT INTO `tec_sessions` (`id`, `ip_address`, `timestamp`, `data`) VALUES
('08lh4mqnggvjk7vdje20mgkusi9akil5', '::1', 1556497152, 0x5f5f63695f6c6173745f726567656e65726174657c693a313535363439373135323b6964656e746974797c733a31383a2261646d696e4074656364696172792e636f6d223b757365726e616d657c733a353a2261646d696e223b656d61696c7c733a31383a2261646d696e4074656364696172792e636f6d223b757365725f69647c733a313a2231223b66697273745f6e616d657c733a353a2241646d696e223b6c6173745f6e616d657c733a353a2241646d696e223b637265617465645f6f6e7c733a32343a22576564203234204a756e20323031352031303a353920504d223b6f6c645f6c6173745f6c6f67696e7c733a31303a2231353536343733303239223b6c6173745f69707c733a333a223a3a31223b6176617461727c4e3b67656e6465727c733a343a226d616c65223b67726f75705f69647c733a313a2231223b73746f72655f69647c733a313a2231223b6861735f73746f72655f69647c4e3b72656769737465725f69647c733a313a2231223b636173685f696e5f68616e647c733a383a223230302e30303030223b72656769737465725f6f70656e5f74696d657c733a31393a22323031392d30332d31392031323a31393a3232223b),
('0ppp9pd8374u7td9jfg0o415053e1dmv', '::1', 1556473073, 0x5f5f63695f6c6173745f726567656e65726174657c693a313535363437333037333b),
('2komun7nt3nok0j6gj5iu7rbmvr7eb4v', '::1', 1558568494, 0x5f5f63695f6c6173745f726567656e65726174657c693a313535383536383439343b6964656e746974797c733a31363a2261646d696e4076656e7461732e636f6d223b757365726e616d657c733a353a2261646d696e223b656d61696c7c733a31363a2261646d696e4076656e7461732e636f6d223b757365725f69647c733a313a2231223b66697273745f6e616d657c733a353a2241646d696e223b6c6173745f6e616d657c733a353a2241646d696e223b637265617465645f6f6e7c733a32343a22576564203234204a756e20323031352031303a353920504d223b6f6c645f6c6173745f6c6f67696e7c733a31303a2231353538353635383334223b6c6173745f69707c733a333a223a3a31223b6176617461727c4e3b67656e6465727c733a343a226d616c65223b67726f75705f69647c733a313a2231223b73746f72655f69647c733a313a2231223b6861735f73746f72655f69647c4e3b72656769737465725f69647c733a313a2231223b636173685f696e5f68616e647c733a383a223230302e30303030223b72656769737465725f6f70656e5f74696d657c733a31393a22323031392d30332d31392031323a31393a3232223b),
('3dva2btupcdj6t7cd35bhkvlfgtimk8d', '::1', 1558546614, 0x5f5f63695f6c6173745f726567656e65726174657c693a313535383534363631343b),
('3jgns977blj141728a98pifs0t7iilk0', '::1', 1555084042, 0x5f5f63695f6c6173745f726567656e65726174657c693a313535353038343034323b),
('3og0d3m0isl4ecp259a0s2u4chqgup57', '::1', 1558559775, 0x5f5f63695f6c6173745f726567656e65726174657c693a313535383535393737353b6964656e746974797c733a31383a2261646d696e4074656364696172792e636f6d223b757365726e616d657c733a353a2261646d696e223b656d61696c7c733a31383a2261646d696e4074656364696172792e636f6d223b757365725f69647c733a313a2231223b66697273745f6e616d657c733a353a2241646d696e223b6c6173745f6e616d657c733a353a2241646d696e223b637265617465645f6f6e7c733a32343a22576564203234204a756e20323031352031303a353920504d223b6f6c645f6c6173745f6c6f67696e7c733a31303a2231353538353437333334223b6c6173745f69707c733a333a223a3a31223b6176617461727c4e3b67656e6465727c733a343a226d616c65223b67726f75705f69647c733a313a2231223b73746f72655f69647c733a313a2231223b6861735f73746f72655f69647c4e3b72656769737465725f69647c733a313a2231223b636173685f696e5f68616e647c733a383a223230302e30303030223b72656769737465725f6f70656e5f74696d657c733a31393a22323031392d30332d31392031323a31393a3232223b),
('565n4ma8hvl8cdmra308o2c0bgtsflme', '::1', 1558548035, 0x5f5f63695f6c6173745f726567656e65726174657c693a313535383534383033353b),
('6607561a161cb0632a5f8f93f7106910d2976864', '80.23.121.114', 1553014084, 0x5f5f63695f6c6173745f726567656e65726174657c693a313535333031333934383b6964656e746974797c733a31383a2261646d696e4074656364696172792e636f6d223b757365726e616d657c733a353a2261646d696e223b656d61696c7c733a31383a2261646d696e4074656364696172792e636f6d223b757365725f69647c733a313a2231223b66697273745f6e616d657c733a353a2241646d696e223b6c6173745f6e616d657c733a353a2241646d696e223b637265617465645f6f6e7c733a32343a22546875203235204a756e20323031352030353a353920414d223b6f6c645f6c6173745f6c6f67696e7c733a31303a2231343432323932373239223b6c6173745f69707c733a393a223132372e302e302e31223b6176617461727c4e3b67656e6465727c733a343a226d616c65223b67726f75705f69647c733a313a2231223b73746f72655f69647c4e3b6861735f73746f72655f69647c4e3b),
('667jv2tavolapqht3el7hlvk35r3i7tm', '::1', 1558558637, 0x5f5f63695f6c6173745f726567656e65726174657c693a313535383535383633373b6964656e746974797c733a31383a2261646d696e4074656364696172792e636f6d223b757365726e616d657c733a353a2261646d696e223b656d61696c7c733a31383a2261646d696e4074656364696172792e636f6d223b757365725f69647c733a313a2231223b66697273745f6e616d657c733a353a2241646d696e223b6c6173745f6e616d657c733a353a2241646d696e223b637265617465645f6f6e7c733a32343a22576564203234204a756e20323031352031303a353920504d223b6f6c645f6c6173745f6c6f67696e7c733a31303a2231353538353437333334223b6c6173745f69707c733a333a223a3a31223b6176617461727c4e3b67656e6465727c733a343a226d616c65223b67726f75705f69647c733a313a2231223b73746f72655f69647c733a313a2231223b6861735f73746f72655f69647c4e3b72656769737465725f69647c733a313a2231223b636173685f696e5f68616e647c733a383a223230302e30303030223b72656769737465725f6f70656e5f74696d657c733a31393a22323031392d30332d31392031323a31393a3232223b),
('9nt5sc0em0oj7altbu0shecqumecmgeo', '::1', 1558547735, 0x5f5f63695f6c6173745f726567656e65726174657c693a313535383534373733353b6964656e746974797c733a31383a2261646d696e4074656364696172792e636f6d223b757365726e616d657c733a353a2261646d696e223b656d61696c7c733a31383a2261646d696e4074656364696172792e636f6d223b757365725f69647c733a313a2231223b66697273745f6e616d657c733a353a2241646d696e223b6c6173745f6e616d657c733a353a2241646d696e223b637265617465645f6f6e7c733a32343a22576564203234204a756e20323031352031303a353920504d223b6f6c645f6c6173745f6c6f67696e7c733a31303a2231353538353437313536223b6c6173745f69707c733a333a223a3a31223b6176617461727c4e3b67656e6465727c733a343a226d616c65223b67726f75705f69647c733a313a2231223b73746f72655f69647c733a313a2231223b6861735f73746f72655f69647c4e3b72656769737465725f69647c733a313a2231223b636173685f696e5f68616e647c733a383a223230302e30303030223b72656769737465725f6f70656e5f74696d657c733a31393a22323031392d30332d31392031323a31393a3232223b637372666b65797c733a383a22684a63594e6b746c223b5f5f63695f766172737c613a323a7b733a373a22637372666b6579223b733a333a226e6577223b733a393a226373726676616c7565223b733a333a226e6577223b7d6373726676616c75657c733a32303a22306a7437786c713643386439457659684e655751223b),
('adt55c6g12a3gakgv0vg4numtji2aq9h', '::1', 1558631740, 0x5f5f63695f6c6173745f726567656e65726174657c693a313535383633313734303b6964656e746974797c733a31363a2261646d696e4076656e7461732e636f6d223b757365726e616d657c733a353a2261646d696e223b656d61696c7c733a31363a2261646d696e4076656e7461732e636f6d223b757365725f69647c733a313a2231223b66697273745f6e616d657c733a353a2241646d696e223b6c6173745f6e616d657c733a353a2241646d696e223b637265617465645f6f6e7c733a32343a22576564203234204a756e20323031352031303a353920504d223b6f6c645f6c6173745f6c6f67696e7c733a31303a2231353538353831373830223b6c6173745f69707c733a333a223a3a31223b6176617461727c4e3b67656e6465727c733a343a226d616c65223b67726f75705f69647c733a313a2231223b73746f72655f69647c693a313b6861735f73746f72655f69647c4e3b72656769737465725f69647c733a313a2231223b636173685f696e5f68616e647c733a383a223230302e30303030223b72656769737465725f6f70656e5f74696d657c733a31393a22323031392d30332d31392031323a31393a3232223b),
('aqpc4ajeq0tprasltie6pt5sc3npp58i', '::1', 1554309886, 0x5f5f63695f6c6173745f726567656e65726174657c693a313535343330393838363b6964656e746974797c733a31383a2261646d696e4074656364696172792e636f6d223b757365726e616d657c733a353a2261646d696e223b656d61696c7c733a31383a2261646d696e4074656364696172792e636f6d223b757365725f69647c733a313a2231223b66697273745f6e616d657c733a353a2241646d696e223b6c6173745f6e616d657c733a353a2241646d696e223b637265617465645f6f6e7c733a32343a22576564203234204a756e20323031352030393a353920504d223b6f6c645f6c6173745f6c6f67696e7c733a31303a2231353533373933373936223b6c6173745f69707c733a333a223a3a31223b6176617461727c4e3b67656e6465727c733a343a226d616c65223b67726f75705f69647c733a313a2231223b73746f72655f69647c693a313b6861735f73746f72655f69647c4e3b72656769737465725f69647c733a313a2231223b636173685f696e5f68616e647c733a383a223230302e30303030223b72656769737465725f6f70656e5f74696d657c733a31393a22323031392d30332d31392031323a31393a3232223b),
('cik4hc4joba2nub0t5eg0o28k3r1fgq8', '::1', 1554310572, 0x5f5f63695f6c6173745f726567656e65726174657c693a313535343331303537323b6964656e746974797c733a31383a2261646d696e4074656364696172792e636f6d223b757365726e616d657c733a353a2261646d696e223b656d61696c7c733a31383a2261646d696e4074656364696172792e636f6d223b757365725f69647c733a313a2231223b66697273745f6e616d657c733a353a2241646d696e223b6c6173745f6e616d657c733a353a2241646d696e223b637265617465645f6f6e7c733a32343a22576564203234204a756e20323031352030393a353920504d223b6f6c645f6c6173745f6c6f67696e7c733a31303a2231353533373933373936223b6c6173745f69707c733a333a223a3a31223b6176617461727c4e3b67656e6465727c733a343a226d616c65223b67726f75705f69647c733a313a2231223b73746f72655f69647c693a313b6861735f73746f72655f69647c4e3b72656769737465725f69647c733a313a2231223b636173685f696e5f68616e647c733a383a223230302e30303030223b72656769737465725f6f70656e5f74696d657c733a31393a22323031392d30332d31392031323a31393a3232223b),
('cl3stln3tjjomj0t7vcma3l9hjmio09h', '::1', 1558568138, 0x5f5f63695f6c6173745f726567656e65726174657c693a313535383536383133383b),
('d68ca8s392bkdtl516c3dv64crg5l0m4', '::1', 1553019446, 0x5f5f63695f6c6173745f726567656e65726174657c693a313535333031393434363b),
('e77pqlvjmhnhs4b1tjui8r5r6cd8ac6a', '::1', 1558545913, 0x5f5f63695f6c6173745f726567656e65726174657c693a313535383534353931333b6964656e746974797c733a31383a2261646d696e4074656364696172792e636f6d223b757365726e616d657c733a353a2261646d696e223b656d61696c7c733a31383a2261646d696e4074656364696172792e636f6d223b757365725f69647c733a313a2231223b66697273745f6e616d657c733a353a2241646d696e223b6c6173745f6e616d657c733a353a2241646d696e223b637265617465645f6f6e7c733a32343a22576564203234204a756e20323031352031303a353920504d223b6f6c645f6c6173745f6c6f67696e7c733a31303a2231353538353433313334223b6c6173745f69707c733a333a223a3a31223b6176617461727c4e3b67656e6465727c733a343a226d616c65223b67726f75705f69647c733a313a2231223b73746f72655f69647c733a313a2231223b6861735f73746f72655f69647c4e3b72656769737465725f69647c733a313a2231223b636173685f696e5f68616e647c733a383a223230302e30303030223b72656769737465725f6f70656e5f74696d657c733a31393a22323031392d30332d31392031323a31393a3232223b),
('e9b3317r5qnpclnfbljc8bor04j4piqr', '::1', 1554310920, 0x5f5f63695f6c6173745f726567656e65726174657c693a313535343331303932303b),
('ehkaf6b1arfr0gfhald53uk063uoaua1', '::1', 1558632261, 0x5f5f63695f6c6173745f726567656e65726174657c693a313535383633323236313b),
('f78m6ub65vcr8nrenrddlmravtvrbqsp', '::1', 1558633272, 0x5f5f63695f6c6173745f726567656e65726174657c693a313535383633333237323b),
('gj3iuol0bgpf4l8n8hinrkg17betggh4', '::1', 1558565642, 0x5f5f63695f6c6173745f726567656e65726174657c693a313535383536353634323b6964656e746974797c733a31383a2261646d696e4074656364696172792e636f6d223b757365726e616d657c733a353a2261646d696e223b656d61696c7c733a31383a2261646d696e4074656364696172792e636f6d223b757365725f69647c733a313a2231223b66697273745f6e616d657c733a353a2241646d696e223b6c6173745f6e616d657c733a353a2241646d696e223b637265617465645f6f6e7c733a32343a22576564203234204a756e20323031352031303a353920504d223b6f6c645f6c6173745f6c6f67696e7c733a31303a2231353538353437333334223b6c6173745f69707c733a333a223a3a31223b6176617461727c4e3b67656e6465727c733a343a226d616c65223b67726f75705f69647c733a313a2231223b73746f72655f69647c693a313b6861735f73746f72655f69647c4e3b72656769737465725f69647c733a313a2231223b636173685f696e5f68616e647c733a383a223230302e30303030223b72656769737465725f6f70656e5f74696d657c733a31393a22323031392d30332d31392031323a31393a3232223b),
('hdhvj4rpn1i06iuj54ku86t4r30lmdc5', '::1', 1558543805, 0x5f5f63695f6c6173745f726567656e65726174657c693a313535383534333830353b),
('huncbkhhc0qojdln30fp7vuc5eo06to6', '::1', 1558546292, 0x5f5f63695f6c6173745f726567656e65726174657c693a313535383534363239323b6964656e746974797c733a31383a2261646d696e4074656364696172792e636f6d223b757365726e616d657c733a353a2261646d696e223b656d61696c7c733a31383a2261646d696e4074656364696172792e636f6d223b757365725f69647c733a313a2231223b66697273745f6e616d657c733a353a2241646d696e223b6c6173745f6e616d657c733a353a2241646d696e223b637265617465645f6f6e7c733a32343a22576564203234204a756e20323031352031303a353920504d223b6f6c645f6c6173745f6c6f67696e7c733a31303a2231353538353433313334223b6c6173745f69707c733a333a223a3a31223b6176617461727c4e3b67656e6465727c733a343a226d616c65223b67726f75705f69647c733a313a2231223b73746f72655f69647c733a313a2231223b6861735f73746f72655f69647c4e3b72656769737465725f69647c733a313a2231223b636173685f696e5f68616e647c733a383a223230302e30303030223b72656769737465725f6f70656e5f74696d657c733a31393a22323031392d30332d31392031323a31393a3232223b6d6573736167657c733a37363a223c703e4c6120696d6167656e2071756520696e74656e746173207375626972206e6f20656e63616a6120656e206c61732064696d656e73696f6e6573207065726d6974696461732e3c2f703e223b5f5f63695f766172737c613a313a7b733a373a226d657373616765223b733a333a226f6c64223b7d),
('i6b6cgdhs6ngt9kknei8higi5h8o41vk', '::1', 1558543510, 0x5f5f63695f6c6173745f726567656e65726174657c693a313535383534333531303b),
('img2b0acgs9i63paij4rglubue7ajk55', '::1', 1558558332, 0x5f5f63695f6c6173745f726567656e65726174657c693a313535383535383333323b6964656e746974797c733a31383a2261646d696e4074656364696172792e636f6d223b757365726e616d657c733a353a2261646d696e223b656d61696c7c733a31383a2261646d696e4074656364696172792e636f6d223b757365725f69647c733a313a2231223b66697273745f6e616d657c733a353a2241646d696e223b6c6173745f6e616d657c733a353a2241646d696e223b637265617465645f6f6e7c733a32343a22576564203234204a756e20323031352031303a353920504d223b6f6c645f6c6173745f6c6f67696e7c733a31303a2231353538353437333334223b6c6173745f69707c733a333a223a3a31223b6176617461727c4e3b67656e6465727c733a343a226d616c65223b67726f75705f69647c733a313a2231223b73746f72655f69647c733a313a2231223b6861735f73746f72655f69647c4e3b72656769737465725f69647c733a313a2231223b636173685f696e5f68616e647c733a383a223230302e30303030223b72656769737465725f6f70656e5f74696d657c733a31393a22323031392d30332d31392031323a31393a3232223b),
('j6ub168ct3t7miod5jq4lgrhrf2tbdaj', '::1', 1558633545, 0x5f5f63695f6c6173745f726567656e65726174657c693a313535383633333534353b),
('ju698s8096jcm3pplmib51l5kaieb2q6', '::1', 1558568130, 0x5f5f63695f6c6173745f726567656e65726174657c693a313535383536383133303b6964656e746974797c733a31363a2261646d696e4076656e7461732e636f6d223b757365726e616d657c733a353a2261646d696e223b656d61696c7c733a31363a2261646d696e4076656e7461732e636f6d223b757365725f69647c733a313a2231223b66697273745f6e616d657c733a353a2241646d696e223b6c6173745f6e616d657c733a353a2241646d696e223b637265617465645f6f6e7c733a32343a22576564203234204a756e20323031352031303a353920504d223b6f6c645f6c6173745f6c6f67696e7c733a31303a2231353538353635373934223b6c6173745f69707c733a333a223a3a31223b6176617461727c4e3b67656e6465727c733a343a226d616c65223b67726f75705f69647c733a313a2231223b73746f72655f69647c693a313b6861735f73746f72655f69647c4e3b72656769737465725f69647c733a313a2231223b636173685f696e5f68616e647c733a383a223230302e30303030223b72656769737465725f6f70656e5f74696d657c733a31393a22323031392d30332d31392031323a31393a3232223b),
('kk05f2vvu2o1unclst0db7lik91r6l7b', '::1', 1558560289, 0x5f5f63695f6c6173745f726567656e65726174657c693a313535383536303238393b6964656e746974797c733a31383a2261646d696e4074656364696172792e636f6d223b757365726e616d657c733a353a2261646d696e223b656d61696c7c733a31383a2261646d696e4074656364696172792e636f6d223b757365725f69647c733a313a2231223b66697273745f6e616d657c733a353a2241646d696e223b6c6173745f6e616d657c733a353a2241646d696e223b637265617465645f6f6e7c733a32343a22576564203234204a756e20323031352031303a353920504d223b6f6c645f6c6173745f6c6f67696e7c733a31303a2231353538353437333334223b6c6173745f69707c733a333a223a3a31223b6176617461727c4e3b67656e6465727c733a343a226d616c65223b67726f75705f69647c733a313a2231223b73746f72655f69647c693a313b6861735f73746f72655f69647c4e3b72656769737465725f69647c733a313a2231223b636173685f696e5f68616e647c733a383a223230302e30303030223b72656769737465725f6f70656e5f74696d657c733a31393a22323031392d30332d31392031323a31393a3232223b),
('kslh87bprm7oj28outa9irh7p7fcjchu', '::1', 1558546941, 0x5f5f63695f6c6173745f726567656e65726174657c693a313535383534363934313b6964656e746974797c733a31383a2261646d696e4074656364696172792e636f6d223b757365726e616d657c733a353a2261646d696e223b656d61696c7c733a31383a2261646d696e4074656364696172792e636f6d223b757365725f69647c733a313a2231223b66697273745f6e616d657c733a353a2241646d696e223b6c6173745f6e616d657c733a353a2241646d696e223b637265617465645f6f6e7c733a32343a22576564203234204a756e20323031352031303a353920504d223b6f6c645f6c6173745f6c6f67696e7c733a31303a2231353538353436333835223b6c6173745f69707c733a333a223a3a31223b6176617461727c4e3b67656e6465727c733a343a226d616c65223b67726f75705f69647c733a313a2231223b73746f72655f69647c733a313a2231223b6861735f73746f72655f69647c4e3b72656769737465725f69647c733a313a2231223b636173685f696e5f68616e647c733a383a223230302e30303030223b72656769737465725f6f70656e5f74696d657c733a31393a22323031392d30332d31392031323a31393a3232223b),
('lt9vptfj051tgnk7d4g0jngbrk7eh2k9', '::1', 1558567672, 0x5f5f63695f6c6173745f726567656e65726174657c693a313535383536373637323b6964656e746974797c733a31363a2261646d696e4076656e7461732e636f6d223b757365726e616d657c733a353a2261646d696e223b656d61696c7c733a31363a2261646d696e4076656e7461732e636f6d223b757365725f69647c733a313a2231223b66697273745f6e616d657c733a353a2241646d696e223b6c6173745f6e616d657c733a353a2241646d696e223b637265617465645f6f6e7c733a32343a22576564203234204a756e20323031352031303a353920504d223b6f6c645f6c6173745f6c6f67696e7c733a31303a2231353538353635373934223b6c6173745f69707c733a333a223a3a31223b6176617461727c4e3b67656e6465727c733a343a226d616c65223b67726f75705f69647c733a313a2231223b73746f72655f69647c693a313b6861735f73746f72655f69647c4e3b72656769737465725f69647c733a313a2231223b636173685f696e5f68616e647c733a383a223230302e30303030223b72656769737465725f6f70656e5f74696d657c733a31393a22323031392d30332d31392031323a31393a3232223b),
('m99d3kehfnnoe3s6m5p7a3mn4rci12p2', '::1', 1558559322, 0x5f5f63695f6c6173745f726567656e65726174657c693a313535383535393332323b6964656e746974797c733a31383a2261646d696e4074656364696172792e636f6d223b757365726e616d657c733a353a2261646d696e223b656d61696c7c733a31383a2261646d696e4074656364696172792e636f6d223b757365725f69647c733a313a2231223b66697273745f6e616d657c733a353a2241646d696e223b6c6173745f6e616d657c733a353a2241646d696e223b637265617465645f6f6e7c733a32343a22576564203234204a756e20323031352031303a353920504d223b6f6c645f6c6173745f6c6f67696e7c733a31303a2231353538353437333334223b6c6173745f69707c733a333a223a3a31223b6176617461727c4e3b67656e6465727c733a343a226d616c65223b67726f75705f69647c733a313a2231223b73746f72655f69647c733a313a2231223b6861735f73746f72655f69647c4e3b72656769737465725f69647c733a313a2231223b636173685f696e5f68616e647c733a383a223230302e30303030223b72656769737465725f6f70656e5f74696d657c733a31393a22323031392d30332d31392031323a31393a3232223b),
('mbtl33g15ke8gvgjimiipluo6912bqcl', '::1', 1558568495, 0x5f5f63695f6c6173745f726567656e65726174657c693a313535383536383439343b6964656e746974797c733a31363a2261646d696e4076656e7461732e636f6d223b757365726e616d657c733a353a2261646d696e223b656d61696c7c733a31363a2261646d696e4076656e7461732e636f6d223b757365725f69647c733a313a2231223b66697273745f6e616d657c733a353a2241646d696e223b6c6173745f6e616d657c733a353a2241646d696e223b637265617465645f6f6e7c733a32343a22576564203234204a756e20323031352031303a353920504d223b6f6c645f6c6173745f6c6f67696e7c733a31303a2231353538353635383334223b6c6173745f69707c733a333a223a3a31223b6176617461727c4e3b67656e6465727c733a343a226d616c65223b67726f75705f69647c733a313a2231223b73746f72655f69647c733a313a2231223b6861735f73746f72655f69647c4e3b72656769737465725f69647c733a313a2231223b636173685f696e5f68616e647c733a383a223230302e30303030223b72656769737465725f6f70656e5f74696d657c733a31393a22323031392d30332d31392031323a31393a3232223b),
('mqepjqlnr4decuplo5sihs9s13qa635q', '::1', 1558543806, 0x5f5f63695f6c6173745f726567656e65726174657c693a313535383534333830363b),
('msgrrgtdnm5dt83migussh50eseltepd', '::1', 1554310224, 0x5f5f63695f6c6173745f726567656e65726174657c693a313535343331303232343b6964656e746974797c733a31383a2261646d696e4074656364696172792e636f6d223b757365726e616d657c733a353a2261646d696e223b656d61696c7c733a31383a2261646d696e4074656364696172792e636f6d223b757365725f69647c733a313a2231223b66697273745f6e616d657c733a353a2241646d696e223b6c6173745f6e616d657c733a353a2241646d696e223b637265617465645f6f6e7c733a32343a22576564203234204a756e20323031352030393a353920504d223b6f6c645f6c6173745f6c6f67696e7c733a31303a2231353533373933373936223b6c6173745f69707c733a333a223a3a31223b6176617461727c4e3b67656e6465727c733a343a226d616c65223b67726f75705f69647c733a313a2231223b73746f72655f69647c693a313b6861735f73746f72655f69647c4e3b72656769737465725f69647c733a313a2231223b636173685f696e5f68616e647c733a383a223230302e30303030223b72656769737465725f6f70656e5f74696d657c733a31393a22323031392d30332d31392031323a31393a3232223b),
('nh273rn593et0u2cit1c396f714iuiu3', '::1', 1556497222, 0x5f5f63695f6c6173745f726567656e65726174657c693a313535363439373232323b),
('oaijrrrsthndb9inqeskujab26fma0fk', '::1', 1554310919, 0x5f5f63695f6c6173745f726567656e65726174657c693a313535343331303931393b6964656e746974797c733a31383a2261646d696e4074656364696172792e636f6d223b757365726e616d657c733a353a2261646d696e223b656d61696c7c733a31383a2261646d696e4074656364696172792e636f6d223b757365725f69647c733a313a2231223b66697273745f6e616d657c733a353a2241646d696e223b6c6173745f6e616d657c733a353a2241646d696e223b637265617465645f6f6e7c733a32343a22576564203234204a756e20323031352030393a353920504d223b6f6c645f6c6173745f6c6f67696e7c733a31303a2231353533373933373936223b6c6173745f69707c733a333a223a3a31223b6176617461727c4e3b67656e6465727c733a343a226d616c65223b67726f75705f69647c733a313a2231223b73746f72655f69647c733a313a2231223b6861735f73746f72655f69647c4e3b72656769737465725f69647c733a313a2231223b636173685f696e5f68616e647c733a383a223230302e30303030223b72656769737465725f6f70656e5f74696d657c733a31393a22323031392d30332d31392031323a31393a3232223b),
('pl0ajlidkt0hl0im38am7e3q2jg6ua37', '::1', 1553793795, 0x5f5f63695f6c6173745f726567656e65726174657c693a313535333739333739353b6572726f727c733a33373a223c703e4c6f67696e204661696c65642c20506c656173652074727920616761696e3c2f703e223b5f5f63695f766172737c613a313a7b733a353a226572726f72223b733a333a226f6c64223b7d),
('qpv1fh48klpoa7t8g3lpph1tmi0khu2j', '::1', 1553794048, 0x5f5f63695f6c6173745f726567656e65726174657c693a313535333739343033393b6572726f727c733a33373a223c703e4c6f67696e204661696c65642c20506c656173652074727920616761696e3c2f703e223b5f5f63695f766172737c613a313a7b733a353a226572726f72223b733a333a226f6c64223b7d),
('r1ot89a43b96a96n5f12hbtgg3vppdus', '::1', 1558582804, 0x5f5f63695f6c6173745f726567656e65726174657c693a313535383538323830343b),
('tuvpgq2m138lsf6mki6ogst9j1h0hjoc', '::1', 1558582595, 0x5f5f63695f6c6173745f726567656e65726174657c693a313535383538323539353b6964656e746974797c733a31363a2261646d696e4076656e7461732e636f6d223b757365726e616d657c733a353a2261646d696e223b656d61696c7c733a31363a2261646d696e4076656e7461732e636f6d223b757365725f69647c733a313a2231223b66697273745f6e616d657c733a353a2241646d696e223b6c6173745f6e616d657c733a353a2241646d696e223b637265617465645f6f6e7c733a32343a22576564203234204a756e20323031352031303a353920504d223b6f6c645f6c6173745f6c6f67696e7c733a31303a2231353538353638313639223b6c6173745f69707c733a333a223a3a31223b6176617461727c4e3b67656e6465727c733a343a226d616c65223b67726f75705f69647c733a313a2231223b73746f72655f69647c693a313b6861735f73746f72655f69647c4e3b72656769737465725f69647c733a313a2231223b636173685f696e5f68616e647c733a383a223230302e30303030223b72656769737465725f6f70656e5f74696d657c733a31393a22323031392d30332d31392031323a31393a3232223b),
('u6jugg7eh0so9snvbcbqec8mhvnfo0oj', '::1', 1558559018, 0x5f5f63695f6c6173745f726567656e65726174657c693a313535383535393031383b6964656e746974797c733a31383a2261646d696e4074656364696172792e636f6d223b757365726e616d657c733a353a2261646d696e223b656d61696c7c733a31383a2261646d696e4074656364696172792e636f6d223b757365725f69647c733a313a2231223b66697273745f6e616d657c733a353a2241646d696e223b6c6173745f6e616d657c733a353a2241646d696e223b637265617465645f6f6e7c733a32343a22576564203234204a756e20323031352031303a353920504d223b6f6c645f6c6173745f6c6f67696e7c733a31303a2231353538353437333334223b6c6173745f69707c733a333a223a3a31223b6176617461727c4e3b67656e6465727c733a343a226d616c65223b67726f75705f69647c733a313a2231223b73746f72655f69647c693a313b6861735f73746f72655f69647c4e3b72656769737465725f69647c733a313a2231223b636173685f696e5f68616e647c733a383a223230302e30303030223b72656769737465725f6f70656e5f74696d657c733a31393a22323031392d30332d31392031323a31393a3232223b),
('uq506blqp1ohifcv5a7i67jm4falpp0e', '::1', 1558543815, 0x5f5f63695f6c6173745f726567656e65726174657c693a313535383534333831353b),
('v4r9g53e8ekebc2r5j1lqd03orbppqmb', '::1', 1553019562, 0x5f5f63695f6c6173745f726567656e65726174657c693a313535333031393434363b6964656e746974797c733a31383a2261646d696e4074656364696172792e636f6d223b757365726e616d657c733a353a2261646d696e223b656d61696c7c733a31383a2261646d696e4074656364696172792e636f6d223b757365725f69647c733a313a2231223b66697273745f6e616d657c733a353a2241646d696e223b6c6173745f6e616d657c733a353a2241646d696e223b637265617465645f6f6e7c733a32343a22546875203235204a756e20323031352030353a353920414d223b6f6c645f6c6173745f6c6f67696e7c733a31303a2231353533303134303632223b6c6173745f69707c733a31333a2238302e32332e3132312e313134223b6176617461727c4e3b67656e6465727c733a343a226d616c65223b67726f75705f69647c733a313a2231223b73746f72655f69647c693a313b6861735f73746f72655f69647c4e3b6d6573736167657c733a31343a2257656c636f6d6520746f20504f53223b5f5f63695f766172737c613a313a7b733a373a226d657373616765223b733a333a226f6c64223b7d72656769737465725f69647c733a313a2231223b636173685f696e5f68616e647c733a383a223230302e30303030223b72656769737465725f6f70656e5f74696d657c733a31393a22323031392d30332d31392032303a31393a3232223b),
('v7u6svt084ghi0r4b8c4s5k5u366vcgc', '::1', 1558543121, 0x5f5f63695f6c6173745f726567656e65726174657c693a313535383534333132313b6964656e746974797c733a31383a2261646d696e4074656364696172792e636f6d223b757365726e616d657c733a353a2261646d696e223b656d61696c7c733a31383a2261646d696e4074656364696172792e636f6d223b757365725f69647c733a313a2231223b66697273745f6e616d657c733a353a2241646d696e223b6c6173745f6e616d657c733a353a2241646d696e223b637265617465645f6f6e7c733a32343a22576564203234204a756e20323031352031303a353920504d223b6f6c645f6c6173745f6c6f67696e7c733a31303a2231353536343935363038223b6c6173745f69707c733a333a223a3a31223b6176617461727c4e3b67656e6465727c733a343a226d616c65223b67726f75705f69647c733a313a2231223b73746f72655f69647c733a313a2231223b6861735f73746f72655f69647c4e3b72656769737465725f69647c733a313a2231223b636173685f696e5f68616e647c733a383a223230302e30303030223b72656769737465725f6f70656e5f74696d657c733a31393a22323031392d30332d31392031323a31393a3232223b),
('v8ejqr8glgcn2epq8l20o192o8p3gpe2', '::1', 1558539289, 0x5f5f63695f6c6173745f726567656e65726174657c693a313535383533393238393b),
('va2o2amdsk568cmvjouelg45q0aolch0', '::1', 1555083973, 0x5f5f63695f6c6173745f726567656e65726174657c693a313535353038333937333b6964656e746974797c733a31383a2261646d696e4074656364696172792e636f6d223b757365726e616d657c733a353a2261646d696e223b656d61696c7c733a31383a2261646d696e4074656364696172792e636f6d223b757365725f69647c733a313a2231223b66697273745f6e616d657c733a353a2241646d696e223b6c6173745f6e616d657c733a353a2241646d696e223b637265617465645f6f6e7c733a32343a22576564203234204a756e20323031352031303a353920504d223b6f6c645f6c6173745f6c6f67696e7c733a31303a2231353534333039353535223b6c6173745f69707c733a333a223a3a31223b6176617461727c4e3b67656e6465727c733a343a226d616c65223b67726f75705f69647c733a313a2231223b73746f72655f69647c733a313a2231223b6861735f73746f72655f69647c4e3b6d6573736167657c733a33383a223c703e596f7520617265207375636365737366756c6c79206c6f6767656420696e2e3c2f703e223b5f5f63695f766172737c613a313a7b733a373a226d657373616765223b733a333a226f6c64223b7d72656769737465725f69647c733a313a2231223b636173685f696e5f68616e647c733a383a223230302e30303030223b72656769737465725f6f70656e5f74696d657c733a31393a22323031392d30332d31392031323a31393a3232223b),
('vcsruv3hdre2bafc7ntr49somjmj00eq', '::1', 1558633505, 0x5f5f63695f6c6173745f726567656e65726174657c693a313535383633333237323b),
('vkm2p30o2qk68pbe1g5km9pb83vt0t2u', '::1', 1556473028, 0x5f5f63695f6c6173745f726567656e65726174657c693a313535363437333032383b),
('vlkcjj4jh18nsa4jteumvba0404cpb8t', '::1', 1558631365, 0x5f5f63695f6c6173745f726567656e65726174657c693a313535383633313336353b6964656e746974797c733a31363a2261646d696e4076656e7461732e636f6d223b757365726e616d657c733a353a2261646d696e223b656d61696c7c733a31363a2261646d696e4076656e7461732e636f6d223b757365725f69647c733a313a2231223b66697273745f6e616d657c733a353a2241646d696e223b6c6173745f6e616d657c733a353a2241646d696e223b637265617465645f6f6e7c733a32343a22576564203234204a756e20323031352031303a353920504d223b6f6c645f6c6173745f6c6f67696e7c733a31303a2231353538353831373830223b6c6173745f69707c733a333a223a3a31223b6176617461727c4e3b67656e6465727c733a343a226d616c65223b67726f75705f69647c733a313a2231223b73746f72655f69647c733a313a2231223b6861735f73746f72655f69647c4e3b72656769737465725f69647c733a313a2231223b636173685f696e5f68616e647c733a383a223230302e30303030223b72656769737465725f6f70656e5f74696d657c733a31393a22323031392d30332d31392031323a31393a3232223b);

-- --------------------------------------------------------

--
-- Estructura de tabla para la tabla `tec_settings`
--

CREATE TABLE `tec_settings` (
  `setting_id` int(1) NOT NULL,
  `logo` varchar(255) NOT NULL,
  `site_name` varchar(55) NOT NULL,
  `tel` varchar(20) NOT NULL,
  `dateformat` varchar(20) DEFAULT NULL,
  `timeformat` varchar(20) DEFAULT NULL,
  `default_email` varchar(100) NOT NULL,
  `language` varchar(20) NOT NULL,
  `version` varchar(10) NOT NULL DEFAULT '1.0',
  `theme` varchar(20) NOT NULL,
  `timezone` varchar(255) NOT NULL DEFAULT '0',
  `protocol` varchar(20) NOT NULL DEFAULT 'mail',
  `smtp_host` varchar(255) DEFAULT NULL,
  `smtp_user` varchar(100) DEFAULT NULL,
  `smtp_pass` varchar(255) DEFAULT NULL,
  `smtp_port` varchar(10) DEFAULT '25',
  `smtp_crypto` varchar(5) DEFAULT NULL,
  `mmode` tinyint(1) NOT NULL,
  `captcha` tinyint(1) NOT NULL DEFAULT '1',
  `mailpath` varchar(55) DEFAULT NULL,
  `currency_prefix` varchar(3) NOT NULL,
  `default_customer` int(11) NOT NULL,
  `default_tax_rate` varchar(20) NOT NULL,
  `rows_per_page` int(2) NOT NULL,
  `total_rows` int(2) NOT NULL,
  `header` varchar(1000) DEFAULT NULL,
  `footer` varchar(1000) DEFAULT NULL,
  `bsty` tinyint(4) NOT NULL,
  `display_kb` tinyint(4) NOT NULL,
  `default_category` int(11) NOT NULL,
  `default_discount` varchar(20) NOT NULL,
  `item_addition` tinyint(1) NOT NULL,
  `barcode_symbology` varchar(55) DEFAULT NULL,
  `pro_limit` tinyint(4) NOT NULL,
  `decimals` tinyint(1) NOT NULL DEFAULT '2',
  `thousands_sep` varchar(2) NOT NULL DEFAULT ',',
  `decimals_sep` varchar(2) NOT NULL DEFAULT '.',
  `focus_add_item` varchar(55) DEFAULT NULL,
  `add_customer` varchar(55) DEFAULT NULL,
  `toggle_category_slider` varchar(55) DEFAULT NULL,
  `cancel_sale` varchar(55) DEFAULT NULL,
  `suspend_sale` varchar(55) DEFAULT NULL,
  `print_order` varchar(55) DEFAULT NULL,
  `print_bill` varchar(55) DEFAULT NULL,
  `finalize_sale` varchar(55) DEFAULT NULL,
  `today_sale` varchar(55) DEFAULT NULL,
  `open_hold_bills` varchar(55) DEFAULT NULL,
  `close_register` varchar(55) DEFAULT NULL,
  `java_applet` tinyint(1) NOT NULL,
  `receipt_printer` varchar(55) DEFAULT NULL,
  `pos_printers` varchar(255) DEFAULT NULL,
  `cash_drawer_codes` varchar(55) DEFAULT NULL,
  `char_per_line` tinyint(4) DEFAULT '42',
  `rounding` tinyint(1) DEFAULT '0',
  `pin_code` varchar(20) DEFAULT NULL,
  `stripe` tinyint(1) DEFAULT NULL,
  `stripe_secret_key` varchar(100) DEFAULT NULL,
  `stripe_publishable_key` varchar(100) DEFAULT NULL,
  `purchase_code` varchar(100) DEFAULT NULL,
  `envato_username` varchar(50) DEFAULT NULL,
  `theme_style` varchar(25) DEFAULT 'green',
  `after_sale_page` tinyint(1) DEFAULT NULL,
  `overselling` tinyint(1) DEFAULT '1',
  `multi_store` tinyint(1) DEFAULT NULL,
  `qty_decimals` tinyint(1) DEFAULT '2',
  `symbol` varchar(55) DEFAULT NULL,
  `sac` tinyint(1) DEFAULT '0',
  `display_symbol` tinyint(1) DEFAULT NULL,
  `remote_printing` tinyint(1) DEFAULT '1',
  `printer` int(11) DEFAULT NULL,
  `order_printers` varchar(55) DEFAULT NULL,
  `auto_print` tinyint(1) DEFAULT '0',
  `local_printers` tinyint(1) DEFAULT NULL,
  `rtl` tinyint(1) DEFAULT NULL,
  `print_img` tinyint(1) DEFAULT NULL
) ENGINE=InnoDB DEFAULT CHARSET=utf8;

--
-- Volcado de datos para la tabla `tec_settings`
--

INSERT INTO `tec_settings` (`setting_id`, `logo`, `site_name`, `tel`, `dateformat`, `timeformat`, `default_email`, `language`, `version`, `theme`, `timezone`, `protocol`, `smtp_host`, `smtp_user`, `smtp_pass`, `smtp_port`, `smtp_crypto`, `mmode`, `captcha`, `mailpath`, `currency_prefix`, `default_customer`, `default_tax_rate`, `rows_per_page`, `total_rows`, `header`, `footer`, `bsty`, `display_kb`, `default_category`, `default_discount`, `item_addition`, `barcode_symbology`, `pro_limit`, `decimals`, `thousands_sep`, `decimals_sep`, `focus_add_item`, `add_customer`, `toggle_category_slider`, `cancel_sale`, `suspend_sale`, `print_order`, `print_bill`, `finalize_sale`, `today_sale`, `open_hold_bills`, `close_register`, `java_applet`, `receipt_printer`, `pos_printers`, `cash_drawer_codes`, `char_per_line`, `rounding`, `pin_code`, `stripe`, `stripe_secret_key`, `stripe_publishable_key`, `purchase_code`, `envato_username`, `theme_style`, `after_sale_page`, `overselling`, `multi_store`, `qty_decimals`, `symbol`, `sac`, `display_symbol`, `remote_printing`, `printer`, `order_printers`, `auto_print`, `local_printers`, `rtl`, `print_img`) VALUES
(1, 'logo1.png', 'Punto Venta', '0105292122', 'D j M Y', 'h:i A', 'noreply@spos.tecdiary.my', 'spanish', '4.0.28', 'default', 'Asia/Kuala_Lumpur', 'mail', 'pop.gmail.com', 'noreply@spos.tecdiary.my', '', '25', '', 0, 0, NULL, 'USD', 1, '13%', 10, 30, NULL, NULL, 3, 0, 1, '0', 1, NULL, 10, 2, ',', '.', 'ALT+F1', 'ALT+F2', 'ALT+F10', 'ALT+F5', 'ALT+F6', 'ALT+F11', 'ALT+F12', 'ALT+F8', 'Ctrl+F1', 'Ctrl+F2', 'ALT+F7', 0, '', '', '', 42, 1, '2122', 0, '', '', '', '', 'blue', 0, 1, 0, 2, '', 0, 0, 1, 1, 'null', 0, 1, 0, 0);

-- --------------------------------------------------------

--
-- Estructura de tabla para la tabla `tec_stores`
--

CREATE TABLE `tec_stores` (
  `id` int(11) NOT NULL,
  `name` varchar(50) NOT NULL,
  `code` varchar(20) NOT NULL,
  `logo` varchar(40) DEFAULT NULL,
  `email` varchar(100) DEFAULT NULL,
  `phone` varchar(15) NOT NULL,
  `address1` varchar(50) DEFAULT NULL,
  `address2` varchar(50) DEFAULT NULL,
  `city` varchar(20) DEFAULT NULL,
  `state` varchar(20) DEFAULT NULL,
  `postal_code` varchar(8) DEFAULT NULL,
  `country` varchar(25) DEFAULT NULL,
  `currency_code` varchar(3) DEFAULT NULL,
  `receipt_header` text,
  `receipt_footer` text
) ENGINE=InnoDB DEFAULT CHARSET=utf8;

--
-- Volcado de datos para la tabla `tec_stores`
--

INSERT INTO `tec_stores` (`id`, `name`, `code`, `logo`, `email`, `phone`, `address1`, `address2`, `city`, `state`, `postal_code`, `country`, `currency_code`, `receipt_header`, `receipt_footer`) VALUES
(1, 'Punto Venta', 'PdV', 'logo.png', 'store@tecdiary.com', '012345678', 'Address Line 1', '', 'Petaling Jaya', 'Selangor', '46000', 'Malaysia', 'MYR', '', 'This is receipt footer for store');

-- --------------------------------------------------------

--
-- Estructura de tabla para la tabla `tec_suppliers`
--

CREATE TABLE `tec_suppliers` (
  `id` int(11) NOT NULL,
  `name` varchar(55) NOT NULL,
  `cf1` varchar(255) NOT NULL,
  `cf2` varchar(255) NOT NULL,
  `phone` varchar(20) NOT NULL,
  `email` varchar(100) NOT NULL
) ENGINE=InnoDB DEFAULT CHARSET=utf8;

--
-- Volcado de datos para la tabla `tec_suppliers`
--

INSERT INTO `tec_suppliers` (`id`, `name`, `cf1`, `cf2`, `phone`, `email`) VALUES
(1, 'Test Supplier', '1', '2', '0123456789', 'supplier@tecdairy.com');

-- --------------------------------------------------------

--
-- Estructura de tabla para la tabla `tec_suspended_items`
--

CREATE TABLE `tec_suspended_items` (
  `id` int(11) NOT NULL,
  `suspend_id` int(11) NOT NULL,
  `product_id` int(11) NOT NULL,
  `quantity` decimal(15,4) NOT NULL,
  `unit_price` decimal(25,4) NOT NULL,
  `net_unit_price` decimal(25,4) NOT NULL,
  `discount` varchar(20) DEFAULT NULL,
  `item_discount` decimal(25,4) DEFAULT NULL,
  `tax` int(20) DEFAULT NULL,
  `item_tax` decimal(25,4) DEFAULT NULL,
  `subtotal` decimal(25,4) NOT NULL,
  `real_unit_price` decimal(25,4) DEFAULT NULL,
  `product_code` varchar(50) DEFAULT NULL,
  `product_name` varchar(50) DEFAULT NULL,
  `comment` varchar(255) DEFAULT NULL
) ENGINE=InnoDB DEFAULT CHARSET=utf8;

-- --------------------------------------------------------

--
-- Estructura de tabla para la tabla `tec_suspended_sales`
--

CREATE TABLE `tec_suspended_sales` (
  `id` int(11) NOT NULL,
  `date` datetime NOT NULL,
  `customer_id` int(11) NOT NULL,
  `customer_name` varchar(55) NOT NULL,
  `total` decimal(25,4) NOT NULL,
  `product_discount` decimal(25,4) DEFAULT NULL,
  `order_discount_id` varchar(20) DEFAULT NULL,
  `order_discount` decimal(25,4) DEFAULT NULL,
  `total_discount` decimal(25,4) DEFAULT NULL,
  `product_tax` decimal(25,4) DEFAULT NULL,
  `order_tax_id` varchar(20) DEFAULT NULL,
  `order_tax` decimal(25,4) DEFAULT NULL,
  `total_tax` decimal(25,4) DEFAULT NULL,
  `grand_total` decimal(25,4) NOT NULL,
  `total_items` int(11) DEFAULT NULL,
  `total_quantity` decimal(15,4) DEFAULT NULL,
  `paid` decimal(25,4) DEFAULT NULL,
  `created_by` int(11) DEFAULT NULL,
  `updated_by` int(11) DEFAULT NULL,
  `updated_at` datetime DEFAULT NULL,
  `note` varchar(1000) DEFAULT NULL,
  `hold_ref` varchar(255) DEFAULT NULL,
  `store_id` int(11) NOT NULL DEFAULT '1'
) ENGINE=InnoDB DEFAULT CHARSET=utf8;

-- --------------------------------------------------------

--
-- Estructura de tabla para la tabla `tec_users`
--

CREATE TABLE `tec_users` (
  `id` int(11) UNSIGNED NOT NULL,
  `last_ip_address` varbinary(45) DEFAULT NULL,
  `ip_address` varbinary(45) DEFAULT NULL,
  `username` varchar(100) NOT NULL,
  `password` varchar(40) NOT NULL,
  `salt` varchar(40) DEFAULT NULL,
  `email` varchar(100) NOT NULL,
  `activation_code` varchar(40) DEFAULT NULL,
  `forgotten_password_code` varchar(40) DEFAULT NULL,
  `forgotten_password_time` int(11) UNSIGNED DEFAULT NULL,
  `remember_code` varchar(40) DEFAULT NULL,
  `created_on` int(11) UNSIGNED NOT NULL,
  `last_login` int(11) UNSIGNED DEFAULT NULL,
  `active` tinyint(1) UNSIGNED DEFAULT NULL,
  `first_name` varchar(50) DEFAULT NULL,
  `last_name` varchar(50) DEFAULT NULL,
  `company` varchar(100) DEFAULT NULL,
  `phone` varchar(20) DEFAULT NULL,
  `avatar` varchar(55) DEFAULT NULL,
  `gender` varchar(20) DEFAULT NULL,
  `group_id` int(11) UNSIGNED NOT NULL DEFAULT '2',
  `store_id` int(11) DEFAULT NULL
) ENGINE=InnoDB DEFAULT CHARSET=utf8;

--
-- Volcado de datos para la tabla `tec_users`
--

INSERT INTO `tec_users` (`id`, `last_ip_address`, `ip_address`, `username`, `password`, `salt`, `email`, `activation_code`, `forgotten_password_code`, `forgotten_password_time`, `remember_code`, `created_on`, `last_login`, `active`, `first_name`, `last_name`, `company`, `phone`, `avatar`, `gender`, `group_id`, `store_id`) VALUES
(1, 0x3a3a31, 0x3132372e302e302e31, 'admin', 'fe941d48eb1fbce34b4588ae500861570fb0e398', NULL, 'admin@ventas.com', NULL, NULL, NULL, 'b2d2c8fd5d9a5f19901279ac74cec92dc15ac970', 1435204774, 1558633529, 1, 'Admin', 'Admin', 'Tecdiary', '012345678', NULL, 'male', 1, NULL);

-- --------------------------------------------------------

--
-- Estructura de tabla para la tabla `tec_user_logins`
--

CREATE TABLE `tec_user_logins` (
  `id` int(11) NOT NULL,
  `user_id` int(11) NOT NULL,
  `company_id` int(11) DEFAULT NULL,
  `ip_address` varbinary(16) NOT NULL,
  `login` varchar(100) NOT NULL,
  `time` timestamp NULL DEFAULT CURRENT_TIMESTAMP
) ENGINE=InnoDB DEFAULT CHARSET=utf8;

--
-- Volcado de datos para la tabla `tec_user_logins`
--

INSERT INTO `tec_user_logins` (`id`, `user_id`, `company_id`, `ip_address`, `login`, `time`) VALUES
(1, 1, NULL, 0x38302e32332e3132312e313134, 'admin@tecdiary.com', '2019-03-19 16:47:42'),
(2, 1, NULL, 0x3a3a31, 'admin@tecdiary.com', '2019-03-19 18:17:26'),
(3, 1, NULL, 0x3a3a31, 'admin@tecdiary.com', '2019-03-28 16:19:48'),
(4, 1, NULL, 0x3a3a31, 'admin@tecdiary.com', '2019-03-28 17:23:16'),
(5, 1, NULL, 0x3a3a31, 'admin@tecdiary.com', '2019-04-03 16:39:15'),
(6, 1, NULL, 0x3a3a31, 'admin@tecdiary.com', '2019-04-12 15:40:46'),
(7, 1, NULL, 0x3a3a31, 'admin@tecdiary.com', '2019-04-28 16:15:36'),
(8, 1, NULL, 0x3a3a31, 'admin@tecdiary.com', '2019-04-28 17:37:09'),
(9, 1, NULL, 0x3a3a31, 'admin@tecdiary.com', '2019-04-28 23:53:28'),
(10, 1, NULL, 0x3a3a31, 'admin@tecdiary.com', '2019-05-22 15:34:49'),
(11, 1, NULL, 0x3a3a31, 'admin@tecdiary.com', '2019-05-22 16:38:54'),
(12, 1, NULL, 0x3a3a31, 'admin@tecdiary.com', '2019-05-22 16:51:35'),
(13, 1, NULL, 0x3a3a31, 'admin@tecdiary.com', '2019-05-22 17:33:05'),
(14, 1, NULL, 0x3a3a31, 'admin@tecdiary.com', '2019-05-22 17:37:11'),
(15, 1, NULL, 0x3a3a31, 'admin@tecdiary.com', '2019-05-22 17:45:56'),
(16, 1, NULL, 0x3a3a31, 'admin@tecdiary.com', '2019-05-22 17:48:54'),
(17, 1, NULL, 0x3a3a31, 'admin@tecdiary.com', '2019-05-22 20:04:44'),
(18, 1, NULL, 0x3a3a31, 'admin@tecdiary.com', '2019-05-22 22:54:31'),
(19, 1, NULL, 0x3a3a31, 'admin@tecdiary.com', '2019-05-22 22:56:34'),
(20, 1, NULL, 0x3a3a31, 'admin@ventas.com', '2019-05-22 22:57:14'),
(21, 1, NULL, 0x3a3a31, 'admin@ventas.com', '2019-05-22 23:36:09'),
(22, 1, NULL, 0x3a3a31, 'admin@ventas.com', '2019-05-23 16:50:17'),
(23, 1, NULL, 0x3a3a31, 'admin@ventas.com', '2019-05-23 17:24:26'),
(24, 1, NULL, 0x3a3a31, 'admin@ventas.com', '2019-05-23 17:45:29');

--
-- Índices para tablas volcadas
--

--
-- Indices de la tabla `tec_categories`
--
ALTER TABLE `tec_categories`
  ADD PRIMARY KEY (`id`);

--
-- Indices de la tabla `tec_combo_items`
--
ALTER TABLE `tec_combo_items`
  ADD PRIMARY KEY (`id`);

--
-- Indices de la tabla `tec_customers`
--
ALTER TABLE `tec_customers`
  ADD PRIMARY KEY (`id`);

--
-- Indices de la tabla `tec_expenses`
--
ALTER TABLE `tec_expenses`
  ADD PRIMARY KEY (`id`);

--
-- Indices de la tabla `tec_gift_cards`
--
ALTER TABLE `tec_gift_cards`
  ADD PRIMARY KEY (`id`),
  ADD UNIQUE KEY `card_no` (`card_no`);

--
-- Indices de la tabla `tec_groups`
--
ALTER TABLE `tec_groups`
  ADD PRIMARY KEY (`id`);

--
-- Indices de la tabla `tec_login_attempts`
--
ALTER TABLE `tec_login_attempts`
  ADD PRIMARY KEY (`id`);

--
-- Indices de la tabla `tec_payments`
--
ALTER TABLE `tec_payments`
  ADD PRIMARY KEY (`id`);

--
-- Indices de la tabla `tec_printers`
--
ALTER TABLE `tec_printers`
  ADD PRIMARY KEY (`id`);

--
-- Indices de la tabla `tec_products`
--
ALTER TABLE `tec_products`
  ADD PRIMARY KEY (`id`),
  ADD UNIQUE KEY `code` (`code`);

--
-- Indices de la tabla `tec_product_store_qty`
--
ALTER TABLE `tec_product_store_qty`
  ADD PRIMARY KEY (`id`),
  ADD KEY `product_id` (`product_id`),
  ADD KEY `store_id` (`store_id`);

--
-- Indices de la tabla `tec_purchases`
--
ALTER TABLE `tec_purchases`
  ADD PRIMARY KEY (`id`);

--
-- Indices de la tabla `tec_purchase_items`
--
ALTER TABLE `tec_purchase_items`
  ADD PRIMARY KEY (`id`);

--
-- Indices de la tabla `tec_registers`
--
ALTER TABLE `tec_registers`
  ADD PRIMARY KEY (`id`);

--
-- Indices de la tabla `tec_sales`
--
ALTER TABLE `tec_sales`
  ADD PRIMARY KEY (`id`);

--
-- Indices de la tabla `tec_sale_items`
--
ALTER TABLE `tec_sale_items`
  ADD PRIMARY KEY (`id`);

--
-- Indices de la tabla `tec_sessions`
--
ALTER TABLE `tec_sessions`
  ADD PRIMARY KEY (`id`),
  ADD KEY `ci_sessions_timestamp` (`timestamp`);

--
-- Indices de la tabla `tec_settings`
--
ALTER TABLE `tec_settings`
  ADD PRIMARY KEY (`setting_id`);

--
-- Indices de la tabla `tec_stores`
--
ALTER TABLE `tec_stores`
  ADD PRIMARY KEY (`id`);

--
-- Indices de la tabla `tec_suppliers`
--
ALTER TABLE `tec_suppliers`
  ADD PRIMARY KEY (`id`);

--
-- Indices de la tabla `tec_suspended_items`
--
ALTER TABLE `tec_suspended_items`
  ADD PRIMARY KEY (`id`);

--
-- Indices de la tabla `tec_suspended_sales`
--
ALTER TABLE `tec_suspended_sales`
  ADD PRIMARY KEY (`id`);

--
-- Indices de la tabla `tec_users`
--
ALTER TABLE `tec_users`
  ADD PRIMARY KEY (`id`),
  ADD KEY `group_id` (`group_id`);

--
-- Indices de la tabla `tec_user_logins`
--
ALTER TABLE `tec_user_logins`
  ADD PRIMARY KEY (`id`);

--
-- AUTO_INCREMENT de las tablas volcadas
--

--
-- AUTO_INCREMENT de la tabla `tec_categories`
--
ALTER TABLE `tec_categories`
  MODIFY `id` int(11) NOT NULL AUTO_INCREMENT, AUTO_INCREMENT=2;

--
-- AUTO_INCREMENT de la tabla `tec_combo_items`
--
ALTER TABLE `tec_combo_items`
  MODIFY `id` int(11) NOT NULL AUTO_INCREMENT;

--
-- AUTO_INCREMENT de la tabla `tec_customers`
--
ALTER TABLE `tec_customers`
  MODIFY `id` int(11) NOT NULL AUTO_INCREMENT, AUTO_INCREMENT=3;

--
-- AUTO_INCREMENT de la tabla `tec_expenses`
--
ALTER TABLE `tec_expenses`
  MODIFY `id` int(11) NOT NULL AUTO_INCREMENT;

--
-- AUTO_INCREMENT de la tabla `tec_gift_cards`
--
ALTER TABLE `tec_gift_cards`
  MODIFY `id` int(11) NOT NULL AUTO_INCREMENT, AUTO_INCREMENT=2;

--
-- AUTO_INCREMENT de la tabla `tec_groups`
--
ALTER TABLE `tec_groups`
  MODIFY `id` mediumint(8) UNSIGNED NOT NULL AUTO_INCREMENT, AUTO_INCREMENT=3;

--
-- AUTO_INCREMENT de la tabla `tec_login_attempts`
--
ALTER TABLE `tec_login_attempts`
  MODIFY `id` mediumint(8) UNSIGNED NOT NULL AUTO_INCREMENT;

--
-- AUTO_INCREMENT de la tabla `tec_payments`
--
ALTER TABLE `tec_payments`
  MODIFY `id` int(11) NOT NULL AUTO_INCREMENT, AUTO_INCREMENT=4;

--
-- AUTO_INCREMENT de la tabla `tec_printers`
--
ALTER TABLE `tec_printers`
  MODIFY `id` int(11) NOT NULL AUTO_INCREMENT, AUTO_INCREMENT=2;

--
-- AUTO_INCREMENT de la tabla `tec_products`
--
ALTER TABLE `tec_products`
  MODIFY `id` int(11) NOT NULL AUTO_INCREMENT, AUTO_INCREMENT=3;

--
-- AUTO_INCREMENT de la tabla `tec_product_store_qty`
--
ALTER TABLE `tec_product_store_qty`
  MODIFY `id` int(11) NOT NULL AUTO_INCREMENT, AUTO_INCREMENT=3;

--
-- AUTO_INCREMENT de la tabla `tec_purchases`
--
ALTER TABLE `tec_purchases`
  MODIFY `id` int(11) NOT NULL AUTO_INCREMENT;

--
-- AUTO_INCREMENT de la tabla `tec_purchase_items`
--
ALTER TABLE `tec_purchase_items`
  MODIFY `id` int(11) NOT NULL AUTO_INCREMENT;

--
-- AUTO_INCREMENT de la tabla `tec_registers`
--
ALTER TABLE `tec_registers`
  MODIFY `id` int(11) NOT NULL AUTO_INCREMENT, AUTO_INCREMENT=2;

--
-- AUTO_INCREMENT de la tabla `tec_sales`
--
ALTER TABLE `tec_sales`
  MODIFY `id` int(11) NOT NULL AUTO_INCREMENT, AUTO_INCREMENT=4;

--
-- AUTO_INCREMENT de la tabla `tec_sale_items`
--
ALTER TABLE `tec_sale_items`
  MODIFY `id` int(11) NOT NULL AUTO_INCREMENT, AUTO_INCREMENT=4;

--
-- AUTO_INCREMENT de la tabla `tec_stores`
--
ALTER TABLE `tec_stores`
  MODIFY `id` int(11) NOT NULL AUTO_INCREMENT, AUTO_INCREMENT=2;

--
-- AUTO_INCREMENT de la tabla `tec_suppliers`
--
ALTER TABLE `tec_suppliers`
  MODIFY `id` int(11) NOT NULL AUTO_INCREMENT, AUTO_INCREMENT=2;

--
-- AUTO_INCREMENT de la tabla `tec_suspended_items`
--
ALTER TABLE `tec_suspended_items`
  MODIFY `id` int(11) NOT NULL AUTO_INCREMENT;

--
-- AUTO_INCREMENT de la tabla `tec_suspended_sales`
--
ALTER TABLE `tec_suspended_sales`
  MODIFY `id` int(11) NOT NULL AUTO_INCREMENT;

--
-- AUTO_INCREMENT de la tabla `tec_users`
--
ALTER TABLE `tec_users`
  MODIFY `id` int(11) UNSIGNED NOT NULL AUTO_INCREMENT, AUTO_INCREMENT=2;

--
-- AUTO_INCREMENT de la tabla `tec_user_logins`
--
ALTER TABLE `tec_user_logins`
  MODIFY `id` int(11) NOT NULL AUTO_INCREMENT, AUTO_INCREMENT=25;
COMMIT;

/*!40101 SET CHARACTER_SET_CLIENT=@OLD_CHARACTER_SET_CLIENT */;
/*!40101 SET CHARACTER_SET_RESULTS=@OLD_CHARACTER_SET_RESULTS */;
/*!40101 SET COLLATION_CONNECTION=@OLD_COLLATION_CONNECTION */;
